,score,index
0,0.6382195864984491,1172
1,0.6217497865270675,119
2,0.5764042253899089,1486
3,0.5596498810701848,375
4,0.5370605618595777,1845
