,score,index
0,0.6382195864984491,1172
1,0.6217497865270675,119
2,0.5764042253899089,1486
3,0.5596498810701848,375
4,0.5370605618595777,1845
5,0.5366077150676825,1829
6,0.5266991088339371,1528
7,0.514378887157104,1355
8,0.5087950397871004,549
9,0.4845360189208064,1383
