,score,index
0,0.6392951668486426,1680
1,0.5959357779332457,2038
2,0.5825502117581404,60
