,score,index
0,0.6392951668486426,1680
1,0.5959357779332457,2038
2,0.5825502117581404,60
3,0.5797691344689313,302
4,0.5684635758077179,1181
5,0.5640542506640036,1257
6,0.5533238743291311,886
7,0.5521789211597921,994
8,0.5465972082948423,1441
9,0.5317320223394324,1928
