,score,index
0,0.5838203585130333,2065
1,0.5831894429810375,1605
2,0.5658818626375172,991
