,score,index
0,0.8757316694016595,853
1,0.7601629312349701,1805
2,0.7212551221854973,1982
3,0.7209536682324672,1894
4,0.701499285961514,636
5,0.6875888871284603,2003
6,0.6823277490243798,458
7,0.6767711094391615,1106
8,0.6606321011385692,1881
9,0.656961964916415,1799
