,score,index
0,0.8757316694016595,853
1,0.7601629312349701,1805
2,0.7212551221854973,1982
3,0.7209536682324672,1894
4,0.701499285961514,636
