,score,index
0,0.5838203585130333,2065
1,0.5831894429810375,1605
2,0.5658818626375172,991
3,0.5596637144415875,1556
4,0.5512910398913147,2090
5,0.5417966373608852,1354
6,0.5379627806127405,1848
7,0.5361144456019902,1460
8,0.5340334640314391,1155
9,0.521554942479963,406
