,score,index
0,0.6522255535186287,1638
1,0.5818780054436588,1228
2,0.5405251994628961,1886
