,score,index
0,0.6522255535186287,1638
1,0.5818780054436588,1228
2,0.5405251994628961,1886
3,0.5337468430016219,1294
4,0.5215178283435202,370
