,score,index
0,0.6522255535186287,1638
1,0.5818780054436588,1228
2,0.5405251994628961,1886
3,0.5337468430016219,1294
4,0.5215178283435202,370
5,0.5077514267261847,1576
6,0.4983317361428371,1569
7,0.49103607615736566,1609
8,0.4712616269912406,1790
9,0.46388847811803335,1340
