,score,index
0,0.6187562179512591,1605
1,0.5858622979883711,977
2,0.576903580971474,1460
3,0.5709359936082525,1528
4,0.563590140693988,10
5,0.5526228406818625,685
6,0.5432414050009502,907
7,0.5423580791499001,536
8,0.5232923478531444,1032
9,0.5181778470807745,1644
