,score,index
0,0.6187562179512591,1605
1,0.5858622979883711,977
2,0.576903580971474,1460
