,score,index
0,0.555942688724077,1441
1,0.547938949111144,83
2,0.5181937931088678,1770
3,0.5133263556752037,1928
4,0.5078717281002532,1159
5,0.5077183594056391,1225
6,0.5067103967561277,994
7,0.502411930719725,1680
8,0.4970811626381203,302
9,0.48588795712307387,1257
