,score,index
0,0.555942688724077,1441
1,0.547938949111144,83
2,0.5181937931088678,1770
3,0.5133263556752037,1928
4,0.5078717281002532,1159
