,score,index
0,0.5496097406958046,1628
1,0.5265672349836592,1928
2,0.5151821075556425,797
