,score,index
0,0.5496097406958046,1628
1,0.5265672349836592,1928
2,0.5151821075556425,797
3,0.4763397547117952,1768
4,0.4527409748121145,976
5,0.4305529362885825,1380
6,0.4196881981729652,1096
7,0.4046397593856855,1251
8,0.3979891731871098,1922
9,0.3946601609356973,2042
