,score,index
0,0.6467358344449776,970
1,0.5417118048783617,986
2,0.5107115114567575,1329
3,0.49350501422608534,1528
4,0.48970544163151836,1325
5,0.4779155610498068,713
6,0.4710701611488951,39
7,0.4531705093018328,249
8,0.44698551060092134,1241
9,0.44619021722282304,653
