,score,index
0,0.6467358344449776,970
1,0.5417118048783617,986
2,0.5107115114567575,1329
3,0.49350501422608534,1528
4,0.48970544163151836,1325
