,score,index
0,0.6183929981694183,464
1,0.5931781336356232,648
2,0.5642312267763481,302
3,0.5623945814739678,191
4,0.5562137083405112,885
