,score,index
0,0.6183929981694183,464
1,0.5931781336356232,648
2,0.5642312267763481,302
3,0.5623945814739678,191
4,0.5562137083405112,885
5,0.5521523233686663,1429
6,0.5422373775694906,1478
7,0.5382469151731124,1222
8,0.5370594533666719,1441
9,0.5365130844979358,2011
