,score,index
0,0.7601966856162812,1879
1,0.6843810009691722,262
2,0.675660106321054,1982
3,0.6694795719428293,60
4,0.6416593468589584,1016
