,score,index
0,0.6538807543311423,1605
1,0.6522805181576452,797
2,0.574058813169566,619
