,score,index
0,0.6538807543311423,1605
1,0.6522805181576452,797
2,0.574058813169566,619
3,0.5514876617017233,1556
4,0.5401267498805553,464
5,0.5297496180164296,170
6,0.5284348749599537,1662
7,0.5283872849039182,443
8,0.5274413101783986,1725
9,0.5272773562126063,2011
