,score,index
0,0.6538807543311423,1605
1,0.6522805181576452,797
2,0.574058813169566,619
3,0.5514876617017233,1556
4,0.5401267498805553,464
