,score,index
0,0.5860107302238915,1294
1,0.5790272752365437,407
2,0.576465284228844,631
