,score,index
0,0.5860107302238915,1294
1,0.5790272752365437,407
2,0.576465284228844,631
3,0.5694492687258488,1182
4,0.5561442191462695,2019
