,score,index
0,0.5860107302238915,1294
1,0.5790272752365437,407
2,0.576465284228844,631
3,0.5694492687258488,1182
4,0.5561442191462695,2019
5,0.5467551598759145,28
6,0.544697754431489,1791
7,0.534058717425226,1471
8,0.533842602775559,564
9,0.5332013267765151,1790
