,score,index
0,0.49683634389408055,685
1,0.4953926977232531,313
2,0.47950534749253015,771
