,score,index
0,0.49683634389408055,685
1,0.4953926977232531,313
2,0.47950534749253015,771
3,0.476837334065665,1534
4,0.4732538479403088,377
5,0.4645677749792831,1706
6,0.455403993712467,1619
7,0.4470610679137792,1966
8,0.4342572448681048,1460
9,0.43247598998731784,1265
