,score,index
0,0.5075163699117025,885
1,0.4656214995266505,2011
2,0.4448584648214503,1225
