,score,index
0,0.5075163699117025,885
1,0.4656214995266505,2011
2,0.4448584648214503,1225
3,0.43534290475908083,1478
4,0.43448635371009514,1429
5,0.43314680906637393,2064
6,0.43190742512848146,159
7,0.4282401026098439,1441
8,0.42705673446155346,166
9,0.4251824005046637,653
