,score,index
0,0.45696517446462415,653
1,0.45305927392534906,1515
2,0.4408208443618862,1192
3,0.4332056006947451,796
4,0.42384526979422726,657
5,0.4100005313044649,1884
6,0.3860526327127205,1150
7,0.36097809211962284,970
8,0.35573357921014503,956
9,0.3555273837996562,1514
