,score,index
0,0.45696517446462415,653
1,0.45305927392534906,1515
2,0.4408208443618862,1192
3,0.4332056006947451,796
4,0.42384526979422726,657
